dedupe_key,title,authors,year,publication_date,venue,region,doi,openalex_id,openalex_url,publisher_url,oa_url,abstract,keywords_hit,citation_count,authority_score,keyword_score,citation_score,recency_score,total_score,first_seen,last_seen,recommended_week,recommended_rank
doi:10.1080/10584609.2026.2644198,"Disinformation as Cultural Narrative: Conceptualizing Disinformation as Cross-Platform, Identity-Affirming, Cathartic Stories",Alice E. Marwick; Elaine Schnabel; Shannon McGregor; Carolyn Schmitt,2026,2026-03-04,Political Communication,international,10.1080/10584609.2026.2644198,,,https://doi.org/10.1080/10584609.2026.2644198,,,communication; political communication; disinformation,1,100.00,11.00,50.00,33.91,53.39,2026-06-18,2026-06-18,2026-W25,1
doi:10.1080/10584609.2026.2679492,"Multi-Platform Referrers of Misinformation: A Comparative Analysis of Misinformation Visits Referred by Facebook, Twitter, Instagram, Reddit, YouTube, Snapchat, and TikTok",Ross Dahlke; Ryan C. Moore; Danya Adib-Azpeitia; Johan Ugander; Jeffrey T. Hancock,2026,2026-06-09,Political Communication,international,10.1080/10584609.2026.2679492,,,https://doi.org/10.1080/10584609.2026.2679492,,,communication; political communication; misinformation,0,100.00,11.00,0.00,100.00,53.30,2026-06-18,2026-06-18,2026-W25,2
doi:10.1080/10584609.2026.2681041,"Moving Targets, Moving Politics: The State of Play in Social Media Data Access",Claes H. de Vreese; Rebekah Tromble,2026,2026-05-30,Political Communication,international,10.1080/10584609.2026.2681041,,,https://doi.org/10.1080/10584609.2026.2681041,,,communication; social media; political communication,0,100.00,11.00,0.00,100.00,53.30,2026-06-18,2026-06-18,2026-W25,3
doi:10.1080/10584609.2026.2671760,The Hostile Misinformation Effect: How Ideological Congruence Drives the Assessment of Misinformation Targets,Patrick van Erkel; Michael Hameleers; Aqsa Farooq; Katjana Gattermann; Marina Tulin; Elske van den Hoogen; Claes de Vreese,2026,2026-05-18,Political Communication,international,10.1080/10584609.2026.2671760,,,https://doi.org/10.1080/10584609.2026.2671760,,,communication; political communication; misinformation,0,100.00,11.00,0.00,99.13,53.17,2026-06-18,2026-06-18,2026-W25,4
doi:10.1080/10584609.2026.2613647,Negativity and Misinformation,Stuart Soroka; Christopher Wlezien,2026,2026-02-25,Political Communication,international,10.1080/10584609.2026.2613647,,,https://doi.org/10.1080/10584609.2026.2613647,,,communication; political communication; misinformation,1,100.00,11.00,50.00,27.83,52.47,2026-06-18,2026-06-18,2026-W25,5
doi:10.1080/10584609.2026.2627253,Truth-Seeking vs. Balance: The Credibility Dilemma in Correcting Political Misinformation,Hwayong Shin,2026,2026-02-20,Political Communication,international,10.1080/10584609.2026.2627253,,,https://doi.org/10.1080/10584609.2026.2627253,,,communication; political communication; misinformation,1,100.00,11.00,50.00,23.48,51.82,2026-06-18,2026-06-18,2026-W25,6
doi:10.1177/00936502261443863,Political Identity Threats on Social Media,Daniel S. Lane; Yifei Wang; Alcides Velasquez,2026,2026-05-08,Communication Research,international,10.1177/00936502261443863,,,https://doi.org/10.1177/00936502261443863,,"One appealing explanation for the dismal state of digital politics in the U.S. is that social media offer abundant
                     threats 
                    to users’ political identities. This paper provides a theoretical and empirical foundation for studying political identity threats on social media. A pilot study (
                     N 
                     = 931) established that individuals can recognize both realistic and symbolic threats when they explicitly appear in TikTok videos, but that, (a) threat types are not as discrete as theory suggests and (b) sensitivity to symbolic threat depends on strength of partisan identity. A second, pre-registered experimental study (
                     N 
                     = 1,279) found that the presence of explicit threats to political ingroups/outgroups influenced emotions and willingness to engage politically on social media. These effects were mediated by threat recognition and often larger for those with stronger partisan identities. This research sets an agenda for studying the presence and effects of explicitly identity-threatening social media content.",communication; social media,0,100.00,9.00,0.00,90.43,51.26,2026-06-18,2026-06-18,2026-W25,7
doi:10.17645/mac.11429,Targeted for Speaking Out: Gendered Disinformation and Digital Resilience in Bangladesh’s Polycrisis,Farah Zahan Shuchy; Md. Azaher Uddin,2026,2026-04-02,Media and Communication,international,10.17645/mac.11429,,,https://doi.org/10.17645/mac.11429,,"This article examines how disinformation and harassment targeted women activists since Bangladesh’s July–August 2024 mass uprising—and how they responded. Focusing on Facebook and Telegram—central since the uprising—we show how vigilantism and misogyny turned these spaces into hypermediated battlegrounds. Sexualized slurs and visuals, fabricated scandals, and moral shaming worked as coordinated repertoires that blurred truth and falsehood, delegitimized participation, and spilled into offline intimidation. Based on semi-structured interviews with 25 activists and a feminist critical discourse analysis of social media artifacts, this study engages networked misogyny, digital vigilantism, and digital social resilience. It contributes, first, empirical evidence of gendered disinformation as violence that weaponizes visibility, mobilizes audiences as enforcers, and reconfigures reputations across online/offline spheres; and second, an account of resilience as collective and relational rather than solely technical or individual, while exposing platform and institutional failures. The analysis advances Global South feminist perspectives and recommends more context-specific interventions toward disinformation and resilience.",communication; social media; disinformation,3,45.00,13.00,100.00,59.13,48.52,2026-06-18,2026-06-18,2026-W25,8
doi:10.1080/17524032.2026.2674235,Climate Change Communication in Pakistan: Analyzing Media Frames on Social Media Platform,Hina Ali; Muhammad Ali,2026,2026-05-18,Environmental Communication,international,10.1080/17524032.2026.2674235,,,https://doi.org/10.1080/17524032.2026.2674235,,,communication; social media,1,45.00,14.00,50.00,99.13,44.82,2026-06-18,2026-06-18,2026-W25,9
doi:10.1080/10584609.2026.2649632,Political Communication Special Issue Introduction: Multi-Platform Research,Josephine Lukito; Meredith L. Pruden; Jiyoun Suk; Yunkang Yang; Wei Zhong,2026,2026-03-04,Political Communication,international,10.1080/10584609.2026.2649632,,,https://doi.org/10.1080/10584609.2026.2649632,,,communication; political communication,0,100.00,14.00,0.00,33.91,44.29,2026-06-18,2026-06-18,2026-W25,10
doi:10.61424/jjmc.v1i1.864,"Artificial Intelligence in Strategic Communication and Public Relations: A Review of Automation, Personalization, and Ethics",Bowen Mitson,2026,2026-05-22,"Journal of Journalism, Media and Communication",international,10.61424/jjmc.v1i1.864,,,https://doi.org/10.61424/jjmc.v1i1.864,,"Artificial Intelligence (AI) has increasingly become a transformative force in strategic communication and public relations (PR), reshaping how organizations engage stakeholders, manage reputation, and deliver targeted messaging. This review study examines the role of AI in enhancing automation, personalization, and ethical governance within strategic communication and PR practices. It synthesizes existing literature to explore how AI-driven tools such as chatbots, predictive analytics, natural language processing, and generative content systems are being integrated into communication workflows to improve efficiency, responsiveness, and audience targeting. The study finds that automation enabled by AI has significantly streamlined routine communication tasks, including media monitoring, press release distribution, and customer engagement, thereby allowing PR professionals to focus more on strategic decision-making. Furthermore, AI-powered personalization has enhanced audience segmentation and message tailoring, enabling organizations to deliver highly relevant content based on user behavior, preferences, and digital footprints. This has contributed to improved engagement rates and stronger stakeholder relationships across digital platforms. However, the review also highlights critical ethical concerns associated with AI adoption in strategic communication. These include issues of data privacy, algorithmic bias, misinformation, lack of transparency in automated decision-making, and the potential erosion of human accountability in communication processes. The study emphasizes the need for robust ethical frameworks and regulatory oversight to ensure responsible AI deployment in PR practices. Overall, the study concludes that while AI offers significant opportunities to advance strategic communication through efficiency and precision, its integration must be carefully balanced with ethical considerations to safeguard trust, authenticity, and public interest in the evolving digital communication landscape.",communication; misinformation; artificial intelligence; chatbot,0,45.00,30.00,0.00,100.00,39.75,2026-06-18,2026-06-18,,
doi:10.61424/jjmc.v1i1.862,"Digital Ethics and Online Harassment of Journalists: A Review of Gendered Violence, Safety, and Platform Responsibility",Riedl Griffen,2026,2026-05-22,"Journal of Journalism, Media and Communication",international,10.61424/jjmc.v1i1.862,,,https://doi.org/10.61424/jjmc.v1i1.862,,"The rapid expansion of digital communication technologies and social media platforms has transformed journalism by increasing access to information, audience engagement, and real-time reporting. However, these developments have also intensified online harassment targeting journalists, particularly women and marginalized media practitioners. This study reviews existing literature on digital ethics and online harassment of journalists, with a specific focus on gendered violence, safety concerns, and platform responsibility. The review examines the forms, patterns, and consequences of online abuse, including cyberbullying, threats, doxxing, sexual harassment, disinformation campaigns, and coordinated digital attacks. Findings indicate that female journalists disproportionately experience gender-based harassment that undermines professional credibility, psychological well-being, freedom of expression, and career progression. The study further explores the ethical implications of digital communication environments, emphasizing the tension between freedom of speech and the protection of journalists from harmful online conduct. The review also evaluates the role of digital platforms in moderating harmful content, enforcing community standards, and ensuring accountability through algorithmic transparency and policy implementation. Emerging debates surrounding artificial intelligence, automated moderation systems, digital surveillance, and data privacy are highlighted as critical dimensions shaping contemporary media safety. The study concludes that addressing online harassment requires collaborative approaches involving governments, media organizations, technology companies, civil society, and journalism institutions. Strengthening digital ethics frameworks, improving platform governance, enhancing legal protections, and promoting digital safety training are identified as essential strategies for safeguarding journalists and sustaining democratic communication in the digital age.",communication; social media; platform governance; disinformation; artificial intelligence,0,45.00,28.00,0.00,100.00,39.15,2026-06-18,2026-06-18,,
doi:10.15581/003.39.1.013,Regulation of artificial intelligence in digital media to combat disinformation and defend the democratic state,Paulo Pessôa; Ivan Bomfim,2026,2026-06-12,Communication &amp; Society,international,10.15581/003.39.1.013,,,https://doi.org/10.15581/003.39.1.013,,"In February 2024, the Superior Electoral Court of Brazil met in session to determine rules and regulations to guide the municipal elections of the country in October of 2024. Among the topics debated, the leading one was the deliberations on illicit acts in electoral advertisements in digital media, concerning the use of artificial intelligence, ensuing in regulations on the use of technology in developing, producing and distribution of political advertisements in digital forms such as: audio, video or audiovisual media. The article will discuss the deliberations of the Superior Electoral Court, which based its decisions on current legislation in the European Union and in the 2023 general elections in Argentina, regarding production aided by artificial intelligence for electoral campaigns. Argentina’s general election of 2023 was paramount and now a base of a regional case regarding the use of artificial intelligence will be debated in light of reflections on media and technology from authors such as Santaella (2023), Simon (2022), Chagas (2017) e Bucci (2024).",communication; disinformation; artificial intelligence,0,45.00,24.00,0.00,100.00,37.95,2026-06-18,2026-06-18,,
doi:10.71222/65w7eh94,Algorithmic Gatekeeping and Platform-Curated Nationalist Discourse: Identity Narratives on Chinese Digital Platforms,Zhiguang Yang,2026,2026-06-06,"Journal of Media, Journalism &amp; Communication Studies",international,10.71222/65w7eh94,,,https://doi.org/10.71222/65w7eh94,,"Media visibility has been disrupted by the emergence of artificial intelligence (AI) recommendation systems, which have taken over some of the editorial selection tasks for platforms. Since the emergence of AI recommendation systems, they have taken on the gatekeeping role, shifting from editors to platforms and changing the way media content is presented. This paper analyzes the construction of nationalist discourse and identity narratives in the popular content recommended by Chinese digital platforms. Based on Critical Discourse Analysis and the self/other framework, it examines the self/other patterns of representation, repetition, visibility, and ideological framing in the recommended content on Douyin, Weibo, and Toutiao. It concludes that platform-curated content may promote emotionally driven and identity-based nationalist narratives. The national self is typically a singularly unified, future-oriented, and morally legitimate self, whereas the external is oppositional, intrusive, and threatening. The study does not assert direct causal impacts of recommender systems but rather patterns of discursive salience and visibility in the sampled outputs of recommender systems. In these patterns, platform curation appears to facilitate the circulation and amplification of nationalist discourse, but more research on algorithms, platform audits, and audience reception is required to better illuminate the agency of algorithms and the reception of platform curation. This article draws on an interplay between algorithmic gatekeeping and discourse analysis in order to construct political legitimacy as a process increasingly mediated by discourses of digital platform infrastructures.",communication; framing; artificial intelligence; recommender system,0,45.00,22.00,0.00,100.00,37.35,2026-06-18,2026-06-18,,
doi:10.1177/20570473261455070,"How Mass and Social Media (De) polarize America: Exposure to News Media, Expression on Social Media, and Affective Polarization",Seungsu Lee; Jaeho Cho,2026,2026-06-12,Communication and the Public,international,10.1177/20570473261455070,,,https://doi.org/10.1177/20570473261455070,,"This study examines the processes through which different modes of political communication (mass media use, social media use, and interpersonal discussion) jointly influence affective polarization. Drawing on the communication mediation framework, we hypothesize that partisan news use influences affective polarization through attitude extremity, as well as through political expression on social media and interpersonal conversation. Using a two-wave representative panel survey conducted during the 2020 U.S. presidential election, we found that like-minded news use intensifies affective polarization through attitude extremity and social media political expression and also through attitude extremity and interpersonal political discussion. Conversely, exposure to cross-cutting news mitigates affective polarization through these same pathways. The implications of these findings for political communication research are discussed.",communication; social media; political communication,0,45.00,15.00,0.00,100.00,35.25,2026-06-18,2026-06-18,,
doi:10.17645/mac.12064,Constructing Gender Antagonism: Moralised Platform Governance in China,Zexu Guan; Zheyu Shang,2026,2026-06-09,Media and Communication,international,10.17645/mac.12064,,,https://doi.org/10.17645/mac.12064,,"“Gender antagonism” (&lt;em&gt;xingbie duili&lt;/em&gt;) has emerged on Chinese social media platforms as a prevailing term, and subsequently as a governance category for regulating online disputes. Adopting a power-sensitive approach, which scrutinises the interplay between the production of meaning and the allocation of communication resources, this study examines how “gender antagonism” is dynamically constructed between users, platforms, and the state through the case of Weibo. Employing critical discourse analysis of user jury voting records, Weibo’s disclosures, and state policy documents, we argue that gender antagonism is not an objective description of gender disputes, but a discursive framework initially mobilised by some users and later institutionalised by platforms and state authorities. The pervasive moralised deployment of this term in platform governance marginalises discussions of gender equality and delegitimises critiques of mainstream gender norms amid China’s crisis of population reproduction. While this discursive construction reflects a moralised platform governance pattern and transfers into effective online visibility control, it eschews gender equality, failing to alleviate long-standing tensions in China’s social governance.",communication; social media; platform governance,0,45.00,15.00,0.00,100.00,35.25,2026-06-18,2026-06-18,,
doi:10.54254/2754-1169/2026.gt34342,Luxury Brands’ Strategies for Balancing Brand Image and Mass Communication in the Digital Age: an Analysis Based on Social Media Communication Pathways,Yuhan Hou,2026,2026-06-08,"Advances in Economics, Management and Political Sciences",international,10.54254/2754-1169/2026.gt34342,,,https://doi.org/10.54254/2754-1169/2026.gt34342,,"In the current digital environment, social media has become the main link between luxury brand companies and the general public, changing the way brands interact with customers. Nevertheless, the distinctive brand characteristics which luxury brands depend on -the differences between them and mass-produced items-are weakened due to the broad-based and ordinary nature of these platforms, resulting in a loss of the intangible value of luxury brands. This research mainly investigates how luxury brands can keep their basic values in the context of widespread communication. Starting from the communication routes of social media, the present paper uses a case study method to deeply examine the different communication techniques employed by Chanel and Gucci on social media. It is concluded that luxury brands should not avoid using digital media channels for communication, but instead should have a moderate and delicate presence on social media. By relying on the fundamental brand values and skillfully narrating their brand stories on such platforms, while also maintaining an intentional air of mystery and keeping a certain distance from the common people, luxury brands can make use of the strength of social media for promotion without being controlled by the platform. Only in this manner can they preserve their intangible value. According to these results, this paper finally suggests some specific strategic advices.",communication; social media,0,45.00,14.00,0.00,100.00,34.95,2026-06-18,2026-06-18,,
doi:10.17645/mac.11439,Local Wisdom and Pre-Bunking Strategies: Building Digital Resilience Against Misinformation in Indonesia,Amia Luthfia; Mia Angeline,2026,2026-03-12,Media and Communication,international,10.17645/mac.11439,,,https://doi.org/10.17645/mac.11439,,"In an era of hypermediated polycrisis, building digital resilience is essential to counter the spread of misinformation that threatens democratic processes. This study examines how Indonesia’s local cultural values and community-based movements contribute to strengthening digital resilience against misinformation. Drawing on empirical evidence from NGO-led pre-bunking initiatives, digital literacy programs, and the mobilisation of women’s organisations such as the Family Welfare Empowerment (PKK) program, the study demonstrates how local wisdom shapes information verification practices. While culturally contextualised pre-bunking strategies provide critical frameworks for identifying misinformation, the findings show that resilience is ultimately enacted through community-based verification practices. These informal networks transform individual digital literacy into collective resilience via trusted intermediaries, hierarchical credibility assessment, and community knowledge exchange. Using a mixed-methods design that combines interviews with key stakeholders in Indonesia’s digital literacy ecosystem and a quasi-experimental study with women’s community groups, this study situates Indonesia’s experience within the global discourse on digital resilience. It advances a community-centred model grounded in local empowerment, collective agency, and cultural continuity, offering an alternative to predominantly Western, individualistic approaches to combating misinformation.",communication; misinformation,1,45.00,9.00,50.00,40.87,34.58,2026-06-18,2026-06-18,,
doi:10.1080/28355245.2026.2672053,"Expert, activist and vulnerable: Discursive construction of mental health identities on social media",Anne Nattembo,2026,2026-12-31,Health Literacy and Communication Open,international,10.1080/28355245.2026.2672053,,,https://doi.org/10.1080/28355245.2026.2672053,,,communication; social media,0,45.00,9.00,0.00,100.00,33.45,2026-06-18,2026-06-18,,
doi:10.1177/10776990261451790,Understanding Audience Threat Perceptions of Misinformation: Insights from Focus Group Discussions with German Media Users,Ellen Linnert; Michael Hameleers; Toni G. L. A. van der Meer; Linda Bos,2026,2026-06-03,Journalism &amp; Mass Communication Quarterly,international,10.1177/10776990261451790,,,https://doi.org/10.1177/10776990261451790,,"Perceiving misinformation as a threat can have broad implications for society, yet how audiences arrive at such perceptions is not well understood. Using focus groups in Germany (
                     N 
                     = 30), we examine perceived consequences, origins, and signals of misinformation threats. Participants view misinformation as abstract and multifaceted. Perceived consequences span personal to societal harms, while origins are often attributed to distant actors or technology. Assessments are shaped by general attitudes, biases, and sociopolitical contexts, as participants rely largely on affective, collective judgments rather than direct experience. The study highlights high perceived threats across different dimensions despite limited concrete signals.",communication; misinformation,0,45.00,9.00,0.00,100.00,33.45,2026-06-18,2026-06-18,,
doi:10.1177/20501579261454447,"At the Dawn of Social Media in the Home: A Retrospective on Parenting, Gender, and Children's Digital Lives in Iran",Elaheh Shabani Afarani,2026,2026-06-01,Mobile Media &amp; Communication,international,10.1177/20501579261454447,,,https://doi.org/10.1177/20501579261454447,,"This qualitative study explores the initial integration of smartphones and social media within Iranian families during a period of rapid adoption (2015–2016). Using a grounded theory approach, in-depth interviews were conducted with 30 parents and children aged 15–20 years in Isfahan, Iran. The analysis revealed that the mobile phone functions as a central site for the negotiation of freedom and constraint, giving rise to four core themes. Findings showed a clash between parental views of the phone as a utilitarian “Tool in Hand” and children's use of it as a “Mirror in Front” for identity expression. The study also details the tension between parental “Eyes That Watch” and youths’ desire for “Wings That Fly,” as well as the conflict between traditional family values of “Home” and personal aspirations for a wider “Horizon.” Finally, the theme of “Veil and Voice” illustrates how deeply rooted gendered expectations reinforce patriarchal norms, even as girls find strategic avenues for self-expression. This research offers crucial baseline insights into the domestication of mobile technology in a traditional non-Western context, illuminating how families were compelled to renegotiate established moral and cultural frameworks in response to the disruptive arrival of smartphones.",communication; social media,0,45.00,9.00,0.00,100.00,33.45,2026-06-18,2026-06-18,,
doi:10.17645/mac.11404,Digital Resilience to Disinformation: From Libraries to Citizens,Nereida Carrillo; Marta Montagut; Roberto Gelado Marcos,2026,2026-02-26,Media and Communication,international,10.17645/mac.11404,,,https://doi.org/10.17645/mac.11404,,"Disinformation is a challenge facing democracies, most especially in the current context of “polycrisis,” in which an “illiberal public sphere” endangers public debate fed by reliable data. Media and information literacy (MIL) has emerged as potentially one of the most effective ways to promote digital resilience to disinformation. According to UNESCO’s first MIL law, libraries and their staff are key to the dissemination and implementation of MIL, since they can be the source of reliable information for all audiences. We analysed the preparedness, knowledge, and attitudes of Spanish librarians to disinformation and MIL by conducting a survey of 110 librarians prior to receiving training in the Media and Information Literacy Community Connections (MIL CC) project (2024–2025). The results show that 64.5% of our respondents had not previously received specific MIL training, although 75% were familiar with fact-checking tools and were able to detect manipulated or false information. However, the fact that over half of the responding librarians conceded that they had not organised any MIL activities for their community underscores the need to train and encourage librarians to actively engage with their central and crosscutting role in fostering MIL.",communication; disinformation,1,45.00,9.00,50.00,28.70,32.75,2026-06-18,2026-06-18,,
doi:10.1080/1369118x.2026.2670738,Clustered governance: how Chinese social media platforms curate and control influencers’ content creation,Rendan Liu,2026,2026-05-12,"Information, Communication &amp; Society",international,10.1080/1369118x.2026.2670738,,,https://doi.org/10.1080/1369118x.2026.2670738,,,communication; social media,0,45.00,9.00,0.00,93.91,32.54,2026-06-18,2026-06-18,,
doi:10.1080/10410236.2026.2666884,Silent Stigma in Depression Communication: Mechanisms Shaping Public Understanding in Chinese and U.S. Media,Cheng Chen; Renping Liu,2026,2026-05-04,Health Communication,international,10.1080/10410236.2026.2666884,,,https://doi.org/10.1080/10410236.2026.2666884,,,communication; health communication,0,45.00,9.00,0.00,86.96,31.49,2026-06-18,2026-06-18,,
doi:10.1177/10776990261442938,From Quantification to Donor Appreciation: Post-Humanitarianism and Discursive Strategies of NGO Legitimacy on Social Media,Michael Dokyum Kim,2026,2026-04-29,Journalism &amp; Mass Communication Quarterly,international,10.1177/10776990261442938,,,https://doi.org/10.1177/10776990261442938,,"Approaching legitimacy discourses through the lens of post-humanitarianism, this study examines discursive legitimacy strategies in international NGOs’ social media communication. The findings identify seven strategies through which NGOs negotiate legitimacy via an ambivalent assemblage of palatable pity, institutional branding, and compensatory discourses. While these strategies do not reflect a wholesale adoption of post-humanitarianism, they reveal complex, layered attempts in which NGOs simultaneously mobilize multiple logics of legitimation. In doing so, they produce problematic articulations of humanitarian subjectivities and aid relations, while mediating depoliticized claims to legitimacy. Overall, the study calls for critical reflection on legitimacy construction within digital humanitarian communication.",communication; social media,0,45.00,11.00,0.00,82.61,31.44,2026-06-18,2026-06-18,,
doi:10.1017/s1049023x26105007,"Misinformation, Disinformation, Malinformation (MDM): Weaponized Health Communication",Heidi Cordi; Eric Powell,2026,2026-03-01,Prehospital and Disaster Medicine,international,10.1017/s1049023x26105007,,,https://doi.org/10.1017/s1049023x26105007,,"Summary: 
                     During Hurricane Helene, misinformation spread rapidly across media platforms, complicating public understanding and response efforts. As the storm neared, false information fueled confusion and anxiety, particularly among vulnerable populations, undermining the effectiveness of official, fact-based communication. Much of this misinformation originated on social media, where users shared unverified and often sensationalized updates about the hurricane’s impact. This phenomenon highlighted the dangers of “weaponized health communication.” 
                     Traditional and non-traditional media played significant roles in spreading misinformation. In the rush to deliver updates, news outlets reported on speculative scenarios, sometimes based on unnamed sources, which blurred the lines between fact and fiction. This resulted in conflicting messages, leaving the public uncertain about which actions to take and which guidance to trust. 
                     A public health, disaster management, and medicine literature review examined how misinformation (MDM) spreads during crises. Case studies from domestic and international contexts revealed key themes about state-sponsored information operations, the role of social media, and the challenges posed by public distrust. These insights informed potential countermeasures to mitigate MDM in future crises. 
                     Various organizations, including governments, militaries, and non-governmental institutions, have developed strategies to counter MDM in public health and disaster contexts. However, widespread distrust in government and the effectiveness of MDM campaigns on social media complicate these efforts. Countermeasures like Inoculation Theory, which has been used to combat climate science denial and anti-vaccine misinformation, show promise in mitigating malicious MDM. By using targeted messaging to “inoculate” the public against false narratives, these methods could help protect vulnerable populations during critical events.",communication; social media; health communication; misinformation; disinformation,0,45.00,32.00,0.00,31.30,30.04,2026-06-18,2026-06-18,,
doi:10.1177/10776958261428171,LinkedIn as a Mentorship Hub: Unlocking the Power of Social Media for Sustained Student Engagement with Alumni,Kim Smith; Ecaterina Stepaniuc,2026,2026-04-21,Journalism &amp; Mass Communication Educator,international,10.1177/10776958261428171,,,https://doi.org/10.1177/10776958261428171,,"This case study evaluates Crosby Kids (CK), a private LinkedIn-based mentorship community that links journalism students at a historically Black university with alumni professionals. Grounded in Social Identity Theory, it examines engagement, perceived value, and career outcomes. Survey and qualitative data were analyzed using dual AI platforms under human supervision to enhance transparency. Findings show sustained engagement through active participation and strategic observation. Among internship students who completed structured professional development before joining CK, 40% reported securing a job or internship. Results suggest LinkedIn can support professional identity development and career readiness in a scalable mentorship environment.",communication; social media,0,45.00,9.00,0.00,75.65,29.80,2026-06-18,2026-06-18,,
doi:10.31014/aior.1991.09.01.628,How Media Narratives Shape Public Opinion on the Papua Issue: A Strategic Communication Approach,Ronald Febriano Siwabessy; Pawito .; Ismi Dwi Astuti; Andrik Purwasito,2026,2026-03-30,Journal of Social and Political Sciences,international,10.31014/aior.1991.09.01.628,,,https://doi.org/10.31014/aior.1991.09.01.628,,,communication; public opinion,0,45.00,14.00,0.00,56.52,28.43,2026-06-18,2026-06-18,,
doi:10.17645/mac.11545,Negative Campaigning and Mobilization Through Disinformation: Astroturf Political Influencers’ Visual Disinformation Strategies on Facebook,Xénia Farkas,2026,2026-03-17,Media and Communication,international,10.17645/mac.11545,,,https://doi.org/10.17645/mac.11545,,"This study investigates the strategic use of visual and verbal disinformation by astroturf political influencers for negative campaigning and political mobilization. Focusing on the case of the 2022 national election campaign in Hungary, the research examines how seemingly grassroots influencers, who conceal affiliations with political actors, engage in astroturfing, a deceptive communication tactic involving the dissemination of fabricated or misleading information. Specifically, the analysis centers on the content produced by Megafon, a prominent astroturf influencer network on Facebook, the dominant platform for political communication in Hungary. To address the research questions, a total of 2,655 Facebook posts were analyzed using manual quantitative content analysis. The dataset comprises both visual and verbal content, with a particular focus on negative campaigning and political mobilization. The findings indicate that disinformation is deeply embedded in both the textual and visual dimensions of astroturf content, with visual disinformation being more prevalent than purely textual. A recurring tactic identified is decontextualization, where genuine visuals are paired with misleading commentary, thereby distorting meaning and intent. Visuals are frequently used to misrepresent opponents’ actions and mobilize supporters under false pretenses. These strategies are deployed without transparent disclosure of influencers’ political connections, blurring the boundaries between organic activity and coordinated political communication. By analyzing these manipulative practices, the study emphasizes the urgent need to recognize astroturf visual disinformation as a potent instrument for undermining democratic discourse and highlights the critical role of social media as a battleground for political manipulation in contemporary electoral contexts.",communication; social media; political communication; disinformation,0,45.00,19.00,0.00,45.22,28.23,2026-06-18,2026-06-18,,
doi:10.63808/pcm.v2i1.283,Cross-platform Digital Media Integration and Brand Communication Strategy: Insights into New Trends in Marketing Communication from Social Media and AI Personalized Recommendation,Xi Qiu,2026,2026-02-28,Perspectives of Communication&amp;Media,international,10.63808/pcm.v2i1.283,,,https://doi.org/10.63808/pcm.v2i1.283,,"In the context of an increasingly complex and fragmented digital media environment, brand communication is facing unprecedented challenges and opportunities. This article aims to explore the internal logic and core mechanisms of cross-platform digital media integration and deeply analyze how social media and artificial intelligence personalized recommendation technologies are reshaping the paradigm of brand communication. The research reveals that the new generation of marketing communication presents a hyper-personalized paradigm from extensive reach to precise interaction, a systematic construction from isolated campaigns to integrated content ecosystem, a two-way dialogue from brand one-way monologue to user participation and co-creation, a seamless integration from binary opposition of online and offline to physical-digital experience, and a predictive decision-making from experience-driven to data and algorithm-driven. Based on this, this article constructs an AI-enabled cross-platform integrated brand communication strategy framework, which is based on a data middle platform and integrates content intelligent engine, multi-channel distribution matrix, user interaction and feedback loop, and dynamic optimization module, aiming to provide theoretical guidance and practical paths for enterprises to achieve efficient, precise, and humanistic brand communication in the digital era. Finally, through the analysis of cases such as Nike, ByteDance, and Perfect Diary, the effectiveness of this strategy framework is verified, and the ethical challenges and technological prospects faced by brand communication in the future are also prospected.",communication; social media; artificial intelligence,0,45.00,26.00,0.00,30.43,28.11,2026-06-18,2026-06-18,,
doi:10.1080/15205436.2026.2650668,Understanding Social Media Use and Political Participation: A Lens of Social Media Social Capital and Gender Dynamics,Yingqi Pan; Saifuddin Ahmed; Mengxuan Cai; Ruolan Deng,2026,2026-04-07,Mass Communication and Society,international,10.1080/15205436.2026.2650668,,,https://doi.org/10.1080/15205436.2026.2650668,,,communication; social media,0,45.00,9.00,0.00,63.48,27.97,2026-06-18,2026-06-18,,
doi:10.1177/10755470261431785,Recognising the Scholar-Creator: Social Media Science Communication as Scholarly Labour,Sanjukta Choudhury,2026,2026-03-23,Science Communication,international,10.1177/10755470261431785,,,https://doi.org/10.1177/10755470261431785,,"Social media platforms have become important sites of science communication, with individual scholars increasingly creating content to engage public audiences with scientific knowledge. However, academic institutions have largely neglected to regard such science communication work through content creation as legitimate scholarly labour, instead continuing to focus primarily on the scholar as a producer of scientific knowledge. This commentary introduces the figure of the ‘scholar-creator’: scholars who use social media to translate, contextualise, and narrate scientific knowledge. It argues that scholar-creators should be formally recognised and supported, as they perform crucial work in making scientific knowledge matter outside the academy.",communication; social media,0,45.00,14.00,0.00,50.43,27.51,2026-06-18,2026-06-18,,
doi:10.71222/8bczwq92,A Study on the Application of Marx's Ideology Theory in Online Public Opinion Guidance,Fei Lu,2026,2026-03-25,"Journal of Media, Journalism &amp; Communication Studies",international,10.71222/8bczwq92,,,https://doi.org/10.71222/8bczwq92,,"With the rapid development of Internet technology, the network has become the core field of public opinion generation and dissemination, and the healthy development of online public opinion is directly related to ideological security and social stability. As a scientific theoretical system, Marx's ideological theory reveals the essence, function and development law of ideology, and provides solid support for the guidance of online public opinion. This paper combs the core connotation of this theory, systematically analyzes the current situation of network public opinion guidance in China, deeply analyzes the outstanding problems, and puts forward targeted guidance strategies based on this theory, aiming at optimizing the guidance effect, building a strong position of network ideology, standardizing the order of cyberspace, providing theoretical reference and practical reference for network public opinion governance in the new era, and helping to consolidate the dominant position of mainstream ideology.",communication; public opinion,0,45.00,9.00,0.00,52.17,26.28,2026-06-18,2026-06-18,,
doi:10.61336/jiclt/26-01-56,Political Communication in Indian Digital Media: A Comparative Study of Ranveer Allahbadia and Dhruv Rathee’s Podcasts,,2026,2026-02-18,Journal of International Commercial Law and Technology,international,10.61336/jiclt/26-01-56,,,https://doi.org/10.61336/jiclt/26-01-56,,"This study analyzes the political podcasts started by Dhruv Rathee on his YouTube channel, Dhruv Rathee, and The Ranveer Show, hosted by Ranveer Allahbadia, also known as Beer Biceps. This paper helps in understanding how micro-expressions and non-verbal communication play a significant role in perception building. Content analysis through a systematic codebook was used to examine podcasts focused on Indian politics by Beer Biceps (Ranveer Allahbadia) and Dhruv Rathee. Content analysis is suited for highlighting the appropriate work of a scholar of mass communication: it is an analysis of messages (Lombard, Snyder-Duch, &amp; Bracken, 2002). Purposive sampling was used to select the podcasts of these YouTube creators. The period from March 2023 to February 2024 was selected, as it was one year before the election, when political parties use various strategies for their PR and political activities are at their peak. The variables or parameters of the systematic codebook were primarily focused on categories of framing, linguistics, and audience engagement. The results show that audience engagement depends upon the communicative style and design of the hosts. Rathee talks about recent controversial topics of high intensity, with strong emphasis on government accountability. Due to this, people with different opinions create a polarized comment section.",communication; political communication; framing,0,45.00,18.00,0.00,21.74,24.41,2026-06-18,2026-06-18,,
doi:10.1177/10776990261418274,Standing With and Apart: Media Professionals’ Social Media Contributions to the Civil Sphere During the Fall of #Roe,Jessica Walsh; Kelli S. Boling,2026,2026-03-10,Journalism &amp; Mass Communication Quarterly,international,10.1177/10776990261418274,,,https://doi.org/10.1177/10776990261418274,,"Using content analysis, this study examined over 5,500 posts by media professionals discussing the Roe V. Wade leak and decision in the summer of 2022. Focusing on posting behavior, role, and outlet size, findings show that media professionals often expressed opinions, contradicting objectivity norms. Influencer status, job role (producers, writers, contributors), and outlet size significantly impacted posting behaviors, with major outlets showing more informational posts and less opinion than smaller outlets. Influencer status was also shown to mediate both informational and opinion posting, with higher status resulting in more informational posts and lower status resulting in more opinion posts.",communication; social media,0,45.00,9.00,0.00,39.13,24.32,2026-06-18,2026-06-18,,
doi:10.1177/17427665261432033,Digital dissent and social grass-roots mobilization on X: The impact of #MahsaAmini on digital political activism in the Islamic Republic of Iran,Arash Beidollahkhani; Mahboobe Farkhari,2026,2026-03-12,Global Media and Communication,international,10.1177/17427665261432033,,,https://doi.org/10.1177/17427665261432033,,"This paper examines how dissent and social mobilization were constructed on Persian X (formerly Twitter) during the protests following Mahsa Amini’s death in 2022. Through a combined quantitative and qualitative analysis of posts using the hashtag #MahsaAmini (مهسا_امینی#), the study shows that X functioned not only as a space for reporting events but also as a medium for coordination, framing political demands, and articulating visions of systemic change. The findings highlight how digitally mediated communication enabled the rapid formation and circulation of oppositional narratives despite severe restrictions on access and expression within Iran.",communication; framing,0,45.00,8.00,0.00,40.87,24.28,2026-06-18,2026-06-18,,
doi:10.1177/10776990261416905,"The Interplay of Agenda Building and Agenda Setting Across Policy, Media, and Public Agendas",Janggeun Lee; Yunseung Lee; Bumsoo Kim,2026,2026-02-19,Journalism &amp; Mass Communication Quarterly,international,10.1177/10776990261416905,,,https://doi.org/10.1177/10776990261416905,,"This study explores the dynamics of agenda-setting among policy institutions, news media, and the public within a hyperconnected media environment. We analyzed government briefings and news content from 2023, alongside survey data on public agendas in South Korea. Our network-based modeling revealed positive correlations among the three agendas. Significantly, news media emerged as a crucial factor in issue ownership, with the public displaying a greater reliance on liberal outlets. These findings underscore the media’s mediating role between policymakers and the public, providing empirical support for a tripartite model of agenda-setting in contemporary political communication.",communication; political communication; agenda setting,0,45.00,15.00,0.00,22.61,23.64,2026-06-18,2026-06-18,,
